Nganh_nghe,Cong_viec,Trinh_do,Lương_TB(triệu VND)
Công nghệ thông tin,Kỹ sư phần mềm (Software Engineer),Fresher,15.0
Công nghệ thông tin,Kỹ sư phần mềm (Software Engineer),Junior,27.5
Công nghệ thông tin,Kỹ sư phần mềm (Software Engineer),Senior,47.5
Công nghệ thông tin,Chuyên gia an ninh mạng (Cybersecurity Specialist),Fresher,20.0
Công nghệ thông tin,Chuyên gia an ninh mạng (Cybersecurity Specialist),Junior,32.5
Công nghệ thông tin,Chuyên gia an ninh mạng (Cybersecurity Specialist),Senior,55.0
Công nghệ thông tin,Nhà phát triển ứng dụng di động (Mobile App Developer),Fresher,17.0
Công nghệ thông tin,Nhà phát triển ứng dụng di động (Mobile App Developer),Junior,28.5
Công nghệ thông tin,Nhà phát triển ứng dụng di động (Mobile App Developer),Senior,45.0
Công nghệ thông tin,Nhà phân tích dữ liệu (Data Analyst),Fresher,15.0
Công nghệ thông tin,Nhà phân tích dữ liệu (Data Analyst),Junior,25.0
Công nghệ thông tin,Nhà phân tích dữ liệu (Data Analyst),Senior,40.0
Công nghệ thông tin,Chuyên viên Trí tuệ Nhân tạo (AI Specialist),Fresher,20.0
Công nghệ thông tin,Chuyên viên Trí tuệ Nhân tạo (AI Specialist),Junior,35.0
Công nghệ thông tin,Chuyên viên Trí tuệ Nhân tạo (AI Specialist),Senior,57.5
Công nghệ thông tin,Kỹ sư DevOps (DevOps Engineer),Fresher,20.0
Công nghệ thông tin,Kỹ sư DevOps (DevOps Engineer),Junior,32.5
Công nghệ thông tin,Kỹ sư DevOps (DevOps Engineer),Senior,52.5
Marketing – Digital Marketing,Digital Marketing,Fresher,4.5
Marketing – Digital Marketing,Digital Marketing,Junior,9.5
Marketing – Digital Marketing,Digital Marketing,Senior,18.5
Marketing – Digital Marketing,SEO – Tối ưu hóa công cụ tìm kiếm,Fresher,4.75
Marketing – Digital Marketing,SEO – Tối ưu hóa công cụ tìm kiếm,Junior,10.0
Marketing – Digital Marketing,SEO – Tối ưu hóa công cụ tìm kiếm,Senior,16.5
Marketing – Digital Marketing,Trade Marketing,Fresher,4.25
Marketing – Digital Marketing,Trade Marketing,Junior,8.25
Marketing – Digital Marketing,Trade Marketing,Senior,15.5
Marketing – Digital Marketing,Copywriter,Fresher,4.0
Marketing – Digital Marketing,Copywriter,Junior,8.0
Marketing – Digital Marketing,Copywriter,Senior,15.0
Marketing – Digital Marketing,Chuyên viên thương hiệu,Fresher,6.0
Marketing – Digital Marketing,Chuyên viên thương hiệu,Junior,10.0
Marketing – Digital Marketing,Chuyên viên thương hiệu,Senior,17.5
Marketing – Digital Marketing,"Chuyên viên tiếp thị, tư vấn",Fresher,5.0
Marketing – Digital Marketing,"Chuyên viên tiếp thị, tư vấn",Junior,9.0
Marketing – Digital Marketing,"Chuyên viên tiếp thị, tư vấn",Senior,14.5
Thiết kế đồ họa,Chuyên viên thiết kế,Fresher,4.0
Thiết kế đồ họa,Chuyên viên thiết kế,Junior,7.5
Thiết kế đồ họa,Chuyên viên thiết kế,Senior,15.25
Thiết kế đồ họa,Thiết kế quảng cáo,Fresher,5.5
Thiết kế đồ họa,Thiết kế quảng cáo,Junior,10.5
Thiết kế đồ họa,Thiết kế quảng cáo,Senior,18.0
Thiết kế đồ họa,Thiết kế logo,Fresher,5.75
Thiết kế đồ họa,Thiết kế logo,Junior,10.5
Thiết kế đồ họa,Thiết kế logo,Senior,17.75
Thiết kế đồ họa,Thiết kế website,Fresher,5.5
Thiết kế đồ họa,Thiết kế website,Junior,10.5
Thiết kế đồ họa,Thiết kế website,Senior,18.0
Thiết kế đồ họa,Thiết kế UI/UX,Fresher,6.0
Thiết kế đồ họa,Thiết kế UI/UX,Junior,13.5
Thiết kế đồ họa,Thiết kế UI/UX,Senior,22.5
Thiết kế đồ họa,Thiết kế 2D Animator,Fresher,5.5
Thiết kế đồ họa,Thiết kế 2D Animator,Junior,9.5
Thiết kế đồ họa,Thiết kế 2D Animator,Senior,16.0
Thiết kế đồ họa,Thiết kế 3D Animator,Fresher,6.0
Thiết kế đồ họa,Thiết kế 3D Animator,Junior,11.5
Thiết kế đồ họa,Thiết kế 3D Animator,Senior,19.0
Xây dựng,Kỹ sư xây dựng,Fresher,5.0
Xây dựng,Kỹ sư xây dựng,Junior,9.5
Xây dựng,Kỹ sư xây dựng,Senior,15.0
Xây dựng,Giám sát xây dựng,Fresher,5.75
Xây dựng,Giám sát xây dựng,Junior,10.5
Xây dựng,Giám sát xây dựng,Senior,16.5
Xây dựng,Giám sát thi công,Fresher,4.0
Xây dựng,Giám sát thi công,Junior,7.5
Xây dựng,Giám sát thi công,Senior,12.0
Xây dựng,Kỹ sư công trình,Fresher,3.75
Xây dựng,Kỹ sư công trình,Junior,7.0
Xây dựng,Kỹ sư công trình,Senior,12.25
Du lịch – Nhà hàng,Tiếp viên hàng không,jetstar,19.0
Du lịch – Nhà hàng,Tiếp viên hàng không,vietjet air,22.0
Du lịch – Nhà hàng,Tiếp viên hàng không,bamboo airways,21.0
Du lịch – Nhà hàng,Tiếp viên hàng không,vietnam airline,22.0
Du lịch – Nhà hàng,Hướng dẫn viên du lịch,Fresher,4.5
Du lịch – Nhà hàng,Hướng dẫn viên du lịch,Junior,9.0
Du lịch – Nhà hàng,Hướng dẫn viên du lịch,Senior,14.0
Du lịch – Nhà hàng,Giám sát nhà hàng,Fresher,5.0
Du lịch – Nhà hàng,Giám sát nhà hàng,Junior,8.5
Du lịch – Nhà hàng,Giám sát nhà hàng,Senior,15.0
Du lịch – Nhà hàng,Quản lý nhà hàng,Fresher,5.0
Du lịch – Nhà hàng,Quản lý nhà hàng,Junior,8.25
Du lịch – Nhà hàng,Quản lý nhà hàng,Senior,14.5
Ngoại ngữ,Biên dịch viên,Fresher,5.5
Ngoại ngữ,Biên dịch viên,Junior,11.5
Ngoại ngữ,Biên dịch viên,Senior,20.0
Ngoại ngữ,Hướng dẫn viên du lịch,Fresher,4.5
Ngoại ngữ,Hướng dẫn viên du lịch,Junior,9.0
Ngoại ngữ,Hướng dẫn viên du lịch,Senior,14.0
Ngoại ngữ,Giáo viên ngoại ngữ,Fresher,6.0
Ngoại ngữ,Giáo viên ngoại ngữ,Junior,10.5
Ngoại ngữ,Giáo viên ngoại ngữ,Senior,17.0
Quản trị khách sạn,Quản lý khách sạn,Fresher,6.0
Quản trị khách sạn,Quản lý khách sạn,Junior,10.5
Quản trị khách sạn,Quản lý khách sạn,Senior,17.0
Quản trị khách sạn,Lễ tân khách sạn,Fresher,6.5
Quản trị khách sạn,Lễ tân khách sạn,Junior,9.5
Quản trị khách sạn,Lễ tân khách sạn,Senior,13.0
Quản trị khách sạn,Chăm sóc dịch vụ trong khách sạn,Fresher,6.0
Quản trị khách sạn,Chăm sóc dịch vụ trong khách sạn,Junior,9.5
Quản trị khách sạn,Chăm sóc dịch vụ trong khách sạn,Senior,16.0
Kỹ thuật điện – điện tử,Kỹ sư điện,Fresher,5.0
Kỹ thuật điện – điện tử,Kỹ sư điện,Junior,9.5
Kỹ thuật điện – điện tử,Kỹ sư điện,Senior,15.5
Kỹ thuật điện – điện tử,Giám sát kỹ thuật,Fresher,6.5
Kỹ thuật điện – điện tử,Giám sát kỹ thuật,Junior,12.0
Kỹ thuật điện – điện tử,Giám sát kỹ thuật,Senior,19.5
Kỹ thuật điện – điện tử,Kỹ sư giám sát,Fresher,6.5
Kỹ thuật điện – điện tử,Kỹ sư giám sát,Junior,12.0
Kỹ thuật điện – điện tử,Kỹ sư giám sát,Senior,18.0
Kỹ thuật điện – điện tử,Kỹ sư bảo trì,Fresher,5.5
Kỹ thuật điện – điện tử,Kỹ sư bảo trì,Junior,11.0
Kỹ thuật điện – điện tử,Kỹ sư bảo trì,Senior,17.5
Y dược,Bác sĩ,mới ra trường,17.5
Y dược,Bác sĩ,Junior,40.0
Y dược,Bác sĩ,Senior,65.0
Y dược,Bác sĩ,bác sĩ chuyên khoa,100.0
Y dược,Dược sĩ,mới ra trường,10.0
Y dược,Dược sĩ,Junior,20.0
Y dược,Dược sĩ,Senior,32.5
Y dược,Dược sĩ,dược sĩ chuyên ngành,50.0
Y dược,Điều dưỡng,mới ra trường,8.5
Y dược,Điều dưỡng,Junior,15.0
Y dược,Điều dưỡng,Senior,21.5
Y dược,Điều dưỡng,điều dưỡng chuyên khoa,30.0
Y dược,Y tá,Fresher,5.0
Y dược,Y tá,Junior,8.0
Y dược,Y tá,Senior,13.5
Bất động sản,Chuyên viên môi giới,Fresher,5.5
Bất động sản,Chuyên viên môi giới,Junior,10.0
Bất động sản,Chuyên viên môi giới,Senior,16.5
Bất động sản,Nhân viên kinh doanh,Fresher,5.75
Bất động sản,Nhân viên kinh doanh,Junior,11.5
Bất động sản,Nhân viên kinh doanh,Senior,18.0
Bất động sản,Chuyên viên tư vấn,Fresher,5.5
Bất động sản,Chuyên viên tư vấn,Junior,11.0
Bất động sản,Chuyên viên tư vấn,Senior,17.0
Bất động sản,Chuyên viên phân tích đầu tư,Fresher,6.5
Bất động sản,Chuyên viên phân tích đầu tư,Junior,12.5
Bất động sản,Chuyên viên phân tích đầu tư,Senior,19.0
Quản trị nhân lực,Hành chính nhân sự,Fresher,4.5
Quản trị nhân lực,Hành chính nhân sự,Junior,7.5
Quản trị nhân lực,Hành chính nhân sự,Senior,12.0
Quản trị nhân lực,Chuyên viên tuyển dụng,Fresher,5.0
Quản trị nhân lực,Chuyên viên tuyển dụng,Junior,9.5
Quản trị nhân lực,Chuyên viên tuyển dụng,Senior,15.0
Quản trị nhân lực,Chuyên viên phát triển nguồn lực,Fresher,6.0
Quản trị nhân lực,Chuyên viên phát triển nguồn lực,Junior,12.0
Quản trị nhân lực,Chuyên viên phát triển nguồn lực,Senior,20.0
Ngân hàng,Chuyên viên tài chính,Fresher,5.0
Ngân hàng,Chuyên viên tài chính,Junior,8.5
Ngân hàng,Chuyên viên tài chính,Senior,13.5
Ngân hàng,Chuyên viên phân tích tài chính,Fresher,6.5
Ngân hàng,Chuyên viên phân tích tài chính,Junior,12.0
Ngân hàng,Chuyên viên phân tích tài chính,Senior,18.0
Ngân hàng,Chuyên viên tư vấn ngân hàng,Fresher,7.0
Ngân hàng,Chuyên viên tư vấn ngân hàng,Junior,12.0
Ngân hàng,Chuyên viên tư vấn ngân hàng,Senior,19.5
Ngân hàng,Quản lý chi phí,Fresher,6.5
Ngân hàng,Quản lý chi phí,Junior,11.0
Ngân hàng,Quản lý chi phí,Senior,22.0
Hàng không,Chuyên viên điều hành máy bay,Fresher,10.0
Hàng không,Chuyên viên điều hành máy bay,Junior,15.5
Hàng không,Chuyên viên điều hành máy bay,Senior,34.5
Hàng không,Phi công,hãng vietnam airline,132.5
Hàng không,Phi công,hãng vietjet,180.0
Hàng không,Phi công,hãng bamboo airway,200.0
Hàng không,Chuyên viên kiểm soát không lưu,Fresher,9.5
Hàng không,Chuyên viên kiểm soát không lưu,Junior,15.0
Hàng không,Chuyên viên kiểm soát không lưu,Senior,22.5
