Địa phương,Năm,Diện tích(Km2),Dân số trung bình,Mật độ dân số (Người/km2)
Đồng Tháp,2011,3377.0,1653200.0,489.6
Đồng Tháp,2012,3377.0,1646200.0,487.5
Đồng Tháp,2013,3378.8,1639200.0,485.1
Đồng Tháp,2014,3378.8,1632400.0,483.1
Đồng Tháp,2015,3378.8,1625600.0,481.1
Đồng Tháp,2016,3384.0,1619000.0,478.4
Đồng Tháp,2017,3383.8,1612500.0,476.5
Đồng Tháp,2018,3383.8,1606100.0,474.6
Đồng Tháp,2019,3383.8,1598800.0,472.0
Đồng Tháp,2020,3383.8,1600000.0,473.0
Đồng Tháp,2021,3383.8,1601300.0,473.0
Đồng Tháp,2022,3383.8,1600200.0,473.0
Đồng Tháp,2023,3383.8,1600200.0,473.1
Đồng Nai,2011,5907.2,2661800.0,450.6
Đồng Nai,2012,5907.2,2719000.0,460.3
Đồng Nai,2013,5907.2,2771400.0,469.2
Đồng Nai,2014,5907.2,2831300.0,479.3
Đồng Nai,2015,5907.2,2890000.0,489.2
Đồng Nai,2016,5863.6,2951400.0,503.3
Đồng Nai,2017,5863.6,3004900.0,512.5
Đồng Nai,2018,5863.6,3055100.0,521.0
Đồng Nai,2019,5863.6,3113700.0,531.0
Đồng Nai,2020,5863.6,3177400.0,542.0
Đồng Nai,2021,5863.6,3169100.0,540.0
Đồng Nai,2022,5863.6,3255800.0,555.0
Đồng Nai,2023,5863.6,3310900.0,564.6
Đắk Nông,2011,6515.6,512700.00000000006,78.7
Đắk Nông,2012,6515.6,529400.0,81.2
Đắk Nông,2013,6515.6,548100.0,84.1
Đắk Nông,2014,6515.6,565000.0,86.7
Đắk Nông,2015,6515.6,580500.0,89.1
Đắk Nông,2016,6509.3,594400.0,91.3
Đắk Nông,2017,6509.3,604900.0,92.9
Đắk Nông,2018,6509.3,615400.0,94.5
Đắk Nông,2019,6509.3,625800.0,96.0
Đắk Nông,2020,6509.3,637900.0,98.0
Đắk Nông,2021,6509.3,664400.0,102.0
Đắk Nông,2022,6509.3,670600.0,103.0
Đắk Nông,2023,6509.3,681900.0,104.8
Đắk Lắk,2011,13125.4,1760400.0,134.1
Đắk Lắk,2012,13125.4,1777300.0,135.4
Đắk Lắk,2013,13125.4,1794600.0,136.7
Đắk Lắk,2014,13125.4,1805800.0,137.6
Đắk Lắk,2015,13125.4,1820100.0,138.7
Đắk Lắk,2016,13030.5,1836400.0,140.9
Đắk Lắk,2017,13030.5,1850300.0,142.0
Đắk Lắk,2018,13030.5,1861500.0,142.9
Đắk Lắk,2019,13030.5,1872600.0,144.0
Đắk Lắk,2020,13030.5,1886900.0,144.0
Đắk Lắk,2021,13030.5,1909000.0,146.0
Đắk Lắk,2022,13030.5,1918400.0,147.0
Đắk Lắk,2023,13030.5,1931500.0,147.8
Đà Nẵng,2011,1285.4,968700.0,753.6
Đà Nẵng,2012,1285.4,996300.0,775.1
Đà Nẵng,2013,1285.4,1017300.0,791.5
Đà Nẵng,2014,1285.4,1033900.0000000001,804.4
Đà Nẵng,2015,1285.4,1056300.0,821.8
Đà Nẵng,2016,1284.7,1080300.0,840.9
Đà Nẵng,2017,1284.9,1097800.0,854.4
Đà Nẵng,2018,1284.9,1114400.0,867.3
Đà Nẵng,2019,1284.9,1141100.0,888.0
Đà Nẵng,2020,1284.9,1169500.0,910.0
Đà Nẵng,2021,1284.9,1195500.0,931.0
Đà Nẵng,2022,1284.9,1220200.0,950.0
Đà Nẵng,2023,1284.9,1245200.0,969.2
Điện Biên,2011,9562.9,512799.99999999994,53.6
Điện Biên,2012,9562.9,523900.0,54.8
Điện Biên,2013,9562.9,535000.0,55.9
Điện Biên,2014,9562.9,546100.0,57.1
Điện Biên,2015,9562.9,557100.0,58.3
Điện Biên,2016,9540.9,568300.0,59.6
Điện Biên,2017,9541.3,579400.0,60.7
Điện Biên,2018,9541.2,590500.0,61.9
Điện Biên,2019,9541.2,601700.0,63.0
Điện Biên,2020,9541.2,613500.0,64.0
Điện Biên,2021,9541.2,625100.0,66.0
Điện Biên,2022,9541.2,635900.0,67.0
Điện Biên,2023,9541.2,646200.0,67.7
Yên Bái,2011,6886.3,758600.0,110.2
Yên Bái,2012,6886.3,765700.0,111.2
Yên Bái,2013,6886.3,774600.0,112.5
Yên Bái,2014,6886.3,783500.0,113.8
Yên Bái,2015,6886.3,793100.0,115.2
Yên Bái,2016,6887.6,800300.0,116.2
Yên Bái,2017,6887.7,807300.0,117.2
Yên Bái,2018,6887.7,814600.0,118.3
Yên Bái,2019,6887.7,823000.0,119.0
Yên Bái,2020,6887.7,831600.0,121.0
Yên Bái,2021,6887.7,842700.0,122.0
Yên Bái,2022,6887.7,847200.0,123.0
Yên Bái,2023,6887.7,855500.0,124.1
Vĩnh Phúc,2011,1236.5,1029500.0,832.6
Vĩnh Phúc,2012,1236.5,1047400.0000000001,847.1
Vĩnh Phúc,2013,1238.6,1061500.0,857.0
Vĩnh Phúc,2014,1237.5,1076800.0,870.2
Vĩnh Phúc,2015,1237.5,1090400.0,881.1
Vĩnh Phúc,2016,1235.3,1106100.0,895.4
Vĩnh Phúc,2017,1235.2,1123100.0,909.2
Vĩnh Phúc,2018,1235.2,1138400.0,921.6
Vĩnh Phúc,2019,1235.2,1154800.0,934.0
Vĩnh Phúc,2020,1235.2,1171200.0,948.0
Vĩnh Phúc,2021,1235.2,1191800.0,964.0
Vĩnh Phúc,2022,1235.2,1197600.0,969.0
Vĩnh Phúc,2023,1235.2,1211300.0,980.1
Vĩnh Long,2011,1496.8,1024800.0,684.7
Vĩnh Long,2012,1504.9,1022600.0,679.5
Vĩnh Long,2013,1520.2,1023800.0,673.5
Vĩnh Long,2014,1520.2,1023700.0,673.4
Vĩnh Long,2015,1520.2,1023200.0,673.1
Vĩnh Long,2016,1525.6,1022800.0,670.4
Vĩnh Long,2017,1525.7,1022600.0,670.2
Vĩnh Long,2018,1525.7,1022700.0,670.3
Vĩnh Long,2019,1525.7,1022600.0,670.0
Vĩnh Long,2020,1525.7,1023000.0,670.0
Vĩnh Long,2021,1525.7,1029000.0,674.0
Vĩnh Long,2022,1525.7,1028800.0,674.0
Vĩnh Long,2023,1525.7,1029599.9999999999,674.8
Tây Ninh,2011,4039.7,1090100.0,269.8
Tây Ninh,2012,4039.7,1103400.0,273.1
Tây Ninh,2013,4032.6,1111400.0,275.6
Tây Ninh,2014,4032.6,1120700.0,277.9
Tây Ninh,2015,4032.6,1129900.0,280.2
Tây Ninh,2016,4041.4,1139600.0,282.0
Tây Ninh,2017,4041.3,1151100.0,284.8
Tây Ninh,2018,4041.3,1160700.0,287.2
Tây Ninh,2019,4041.3,1171700.0,290.0
Tây Ninh,2020,4041.3,1178300.0,292.0
Tây Ninh,2021,4041.3,1181900.0,292.0
Tây Ninh,2022,4041.3,1188800.0,294.0
Tây Ninh,2023,4041.3,1194900.0,295.6
Tây Nguyên,2011,54641.0,5278000.0,96.6
Tây Nguyên,2012,54641.1,5358000.0,98.1
Tây Nguyên,2013,54641.1,5438700.0,99.5
Tây Nguyên,2014,54641.0,5509200.0,100.8
Tây Nguyên,2015,54641.0,5584300.0,102.2
Tây Nguyên,2016,54508.0,5657100.0,103.8
Tây Nguyên,2017,54508.3,5725500.0,105.0
Tây Nguyên,2018,54508.3,5796400.0,106.3
Tây Nguyên,2019,54508.3,5861300.0,108.0
Tây Nguyên,2020,54508.3,5932100.0,109.0
Tây Nguyên,2021,54508.3,6033800.0,111.0
Tây Nguyên,2022,54508.3,6092400.0,112.0
Tây Nguyên,2023,54508.3,6163600.0,113.0
Tuyên Quang,2011,5867.3,733600.0,125.0
Tuyên Quang,2012,5867.3,738500.0,125.9
Tuyên Quang,2013,5867.3,743400.0,126.7
Tuyên Quang,2014,5867.3,749600.0,127.8
Tuyên Quang,2015,5867.3,756200.0,128.9
Tuyên Quang,2016,5867.9,763400.0,130.1
Tuyên Quang,2017,5867.9,770500.0,131.3
Tuyên Quang,2018,5867.9,778300.0,132.6
Tuyên Quang,2019,5867.9,786300.0,134.0
Tuyên Quang,2020,5867.9,792900.0,135.0
Tuyên Quang,2021,5867.9,801700.0,137.0
Tuyên Quang,2022,5867.9,805800.0,137.0
Tuyên Quang,2023,5867.9,812200.0,138.4
Trà Vinh,2011,2341.2,1004300.0,429.0
Trà Vinh,2012,2341.2,1005100.0,429.3
Trà Vinh,2013,2341.2,1005600.0,429.5
Trà Vinh,2014,2341.2,1006200.0,429.8
Trà Vinh,2015,2341.2,1006900.0,430.1
Trà Vinh,2016,2358.2,1007600.0,427.3
Trà Vinh,2017,2358.3,1008100.0,427.5
Trà Vinh,2018,2358.3,1008800.0,427.8
Trà Vinh,2019,2358.3,1009300.0,428.0
Trà Vinh,2020,2358.3,1009900.0,422.0
Trà Vinh,2021,2358.3,1018600.0,426.0
Trà Vinh,2022,2358.3,1019300.0,426.0
Trà Vinh,2023,2358.3,1019900.0,426.6
TP.Hồ Chí Minh,2011,2095.6,7613400.0,3633.1
TP.Hồ Chí Minh,2012,2095.6,7789900.0,3717.2
TP.Hồ Chí Minh,2013,2095.6,7974000.0,3805.1
TP.Hồ Chí Minh,2014,2095.5,8135900.0,3882.6
TP.Hồ Chí Minh,2015,2095.5,8307900.0,3964.6
TP.Hồ Chí Minh,2016,2061.4,8479100.0,4113.3
TP.Hồ Chí Minh,2017,2061.2,8649600.0,4196.4
TP.Hồ Chí Minh,2018,2061.4,8843200.0,4289.9
TP.Hồ Chí Minh,2019,2061.4,9038600.0,4385.0
TP.Hồ Chí Minh,2020,2061.4,9227600.0,4404.0
TP.Hồ Chí Minh,2021,2061.4,9166800.0,4375.0
TP.Hồ Chí Minh,2022,2061.4,9389700.0,4481.0
TP.Hồ Chí Minh,2023,2061.4,9456700.0,4513.1
Tiền Giang,2011,2508.3,1682600.0,670.8
Tiền Giang,2012,2508.3,1692500.0,674.7
Tiền Giang,2013,2508.6,1705800.0,680.0
Tiền Giang,2014,2509.3,1716100.0,683.9
Tiền Giang,2015,2509.3,1728700.0,688.9
Tiền Giang,2016,2510.5,1740100.0,693.1
Tiền Giang,2017,2510.6,1751800.0,697.8
Tiền Giang,2018,2510.6,1759100.0,700.7
Tiền Giang,2019,2510.6,1766300.0,704.0
Tiền Giang,2020,2510.6,1772500.0,693.0
Tiền Giang,2021,2510.6,1779400.0,696.0
Tiền Giang,2022,2510.6,1785200.0,698.0
Tiền Giang,2023,2510.6,1790700.0,700.5
Thừa Thiên Huế,2011,5033.2,1100800.0,218.7
Thừa Thiên Huế,2012,5033.2,1105800.0,219.7
Thừa Thiên Huế,2013,5033.2,1109800.0,220.5
Thừa Thiên Huế,2014,5033.2,1111600.0,220.9
Thừa Thiên Huế,2015,5033.2,1114700.0,221.5
Thừa Thiên Huế,2016,4902.4,1118000.0,228.1
Thừa Thiên Huế,2017,4902.5,1123400.0,229.1
Thừa Thiên Huế,2018,4902.4,1125400.0,229.6
Thừa Thiên Huế,2019,4902.4,1129500.0,230.0
Thừa Thiên Huế,2020,4902.4,1133600.0,229.0
Thừa Thiên Huế,2021,4902.4,1153800.0,233.0
Thừa Thiên Huế,2022,4902.4,1160200.0,235.0
Thừa Thiên Huế,2023,4902.4,1166500.0,235.8
Thái Nguyên,2011,3531.7,1139400.0,322.6
Thái Nguyên,2012,3534.7,1149100.0,325.1
Thái Nguyên,2013,3536.4,1156000.0,326.9
Thái Nguyên,2014,3533.2,1198200.0,339.1
Thái Nguyên,2015,3533.2,1230800.0,348.4
Thái Nguyên,2016,3526.7,1242800.0,352.4
Thái Nguyên,2017,3526.6,1256100.0,356.2
Thái Nguyên,2018,3526.6,1273600.0,361.1
Thái Nguyên,2019,3526.6,1290900.0,366.0
Thái Nguyên,2020,3526.6,1307900.0,371.0
Thái Nguyên,2021,3526.6,1323200.0,376.0
Thái Nguyên,2022,3526.6,1336000.0,379.0
Thái Nguyên,2023,3526.6,1350300.0,383.4
Thái Bình,2011,1570.0,1798700.0,1145.6
Thái Bình,2012,1570.0,1806500.0,1150.6
Thái Bình,2013,1570.5,1815000.0,1155.7
Thái Bình,2014,1570.8,1822400.0,1160.2
Thái Bình,2015,1570.8,1830300.0,1165.2
Thái Bình,2016,1586.5,1838100.0,1158.6
Thái Bình,2017,1586.3,1846100.0,1163.8
Thái Bình,2018,1586.4,1854100.0,1168.7
Thái Bình,2019,1586.4,1862200.0,1174.0
Thái Bình,2020,1586.4,1870200.0,1180.0
Thái Bình,2021,1586.4,1875700.0,1184.0
Thái Bình,2022,1586.4,1878500.0,1185.0
Thái Bình,2023,1586.4,1882300.0,1187.9
Thanh Hoá,2011,11131.9,3427600.0,307.9
Thanh Hoá,2012,11132.2,3449400.0,309.9
Thanh Hoá,2013,11130.5,3484800.0,313.1
Thanh Hoá,2014,11129.5,3507100.0,315.1
Thanh Hoá,2015,11129.5,3537000.0,317.8
Thanh Hoá,2016,11114.5,3570800.0,321.3
Thanh Hoá,2017,11114.7,3603700.0,324.2
Thanh Hoá,2018,11114.6,3631300.0,326.7
Thanh Hoá,2019,11114.6,3645800.0,328.0
Thanh Hoá,2020,11114.6,3664900.0,330.0
Thanh Hoá,2021,11114.6,3716400.0,334.0
Thanh Hoá,2022,11114.6,3722100.0,335.0
Thanh Hoá,2023,11114.6,3739500.0,336.4
Sơn La,2011,14174.4,1115200.0,78.7
Sơn La,2012,14174.4,1129900.0,79.7
Sơn La,2013,14174.4,1143900.0,80.7
Sơn La,2014,14174.4,1159700.0,81.8
Sơn La,2015,14174.4,1177400.0,83.1
Sơn La,2016,14123.5,1194900.0,84.6
Sơn La,2017,14123.5,1213400.0,85.9
Sơn La,2018,14123.5,1233100.0,87.3
Sơn La,2019,14123.5,1252700.0,89.0
Sơn La,2020,14123.5,1270600.0,90.0
Sơn La,2021,14123.5,1287700.0,91.0
Sơn La,2022,14123.5,1300100.0,92.0
Sơn La,2023,14123.5,1313300.0,93.1
Sóc Trăng,2011,3311.6,1273900.0,384.7
Sóc Trăng,2012,3311.6,1266400.0,382.4
Sóc Trăng,2013,3311.6,1255000.0,379.0
Sóc Trăng,2014,3311.6,1245600.0,376.1
Sóc Trăng,2015,3311.6,1236300.0,373.3
Sóc Trăng,2016,3311.9,1227600.0,370.7
Sóc Trăng,2017,3311.9,1218300.0,367.9
Sóc Trăng,2018,3311.9,1208800.0,365.0
Sóc Trăng,2019,3311.9,1199500.0,362.0
Sóc Trăng,2020,3311.9,1195700.0,363.0
Sóc Trăng,2021,3311.9,1206800.0,366.0
Sóc Trăng,2022,3311.9,1197800.0,363.0
Sóc Trăng,2023,3311.9,1198800.0,363.5
Quảng Trị,2011,4739.8,604700.0,127.6
Quảng Trị,2012,4739.8,607800.0,128.2
Quảng Trị,2013,4739.8,611000.0,128.9
Quảng Trị,2014,4739.8,614400.0,129.6
Quảng Trị,2015,4739.8,617900.0,130.4
Quảng Trị,2016,4621.8,621600.0,134.5
Quảng Trị,2017,4621.7,625400.0,135.3
Quảng Trị,2018,4621.7,629700.0,136.2
Quảng Trị,2019,4621.7,633400.0,137.0
Quảng Trị,2020,4621.7,637400.0,136.0
Quảng Trị,2021,4621.7,647800.0,138.0
Quảng Trị,2022,4621.7,650900.0,138.0
Quảng Trị,2023,4621.7,654200.0,139.2
Quảng Ninh,2011,6102.4,1181500.0,193.6
Quảng Ninh,2012,6102.3,1198400.0,196.4
Quảng Ninh,2013,6102.4,1209600.0,198.2
Quảng Ninh,2014,6102.3,1227700.0,201.2
Quảng Ninh,2015,6102.3,1241600.0,203.5
Quảng Ninh,2016,6177.7,1261200.0,204.2
Quảng Ninh,2017,6177.8,1285200.0,208.0
Quảng Ninh,2018,6178.2,1303900.0,211.0
Quảng Ninh,2019,6178.2,1324800.0,214.0
Quảng Ninh,2020,6178.2,1337600.0,216.0
Quảng Ninh,2021,6178.2,1350900.0,218.0
Quảng Ninh,2022,6178.2,1362900.0,220.0
Quảng Ninh,2023,6178.2,1381200.0,222.5
Quảng Ngãi,2011,5153.0,1220100.0,236.8
Quảng Ngãi,2012,5153.0,1221800.0,237.1
Quảng Ngãi,2013,5152.0,1223100.0,237.4
Quảng Ngãi,2014,5152.7,1224500.0,237.6
Quảng Ngãi,2015,5152.7,1226200.0,238.0
Quảng Ngãi,2016,5152.3,1227500.0,238.2
Quảng Ngãi,2017,5152.5,1228900.0,238.5
Quảng Ngãi,2018,5155.8,1230500.0,238.7
Quảng Ngãi,2019,5155.8,1231900.0,239.0
Quảng Ngãi,2020,5155.8,1233400.0,239.0
Quảng Ngãi,2021,5155.8,1244100.0,241.0
Quảng Ngãi,2022,5155.8,1245600.0,242.0
Quảng Ngãi,2023,5155.8,1248100.0,242.1
Quảng Nam,2011,10438.4,1436800.0,137.6
Quảng Nam,2012,10438.4,1444000.0,138.3
Quảng Nam,2013,10438.4,1451400.0,139.0
Quảng Nam,2014,10438.4,1459800.0,139.8
Quảng Nam,2015,10438.4,1468200.0,140.7
Quảng Nam,2016,10575.0,1475700.0,139.5
Quảng Nam,2017,10574.7,1483300.0,140.3
Quảng Nam,2018,10574.7,1490800.0,141.0
Quảng Nam,2019,10574.7,1497500.0,142.0
Quảng Nam,2020,10574.7,1505000.0,142.0
Quảng Nam,2021,10574.7,1518500.0,144.0
Quảng Nam,2022,10574.7,1519400.0,144.0
Quảng Nam,2023,10574.7,1526100.0,144.3
Quảng Bình,2011,8065.3,854600.0,106.0
Quảng Bình,2012,8065.3,859800.0,106.6
Quảng Bình,2013,8065.3,865000.0,107.3
Quảng Bình,2014,8065.3,870500.0,107.9
Quảng Bình,2015,8065.3,875600.0,108.6
Quảng Bình,2016,8000.1,880600.0,110.1
Quảng Bình,2017,8000.0,885700.0,110.7
Quảng Bình,2018,8000.0,891100.0,111.4
Quảng Bình,2019,8000.0,896600.0,112.0
Quảng Bình,2020,8000.0,902000.0,113.0
Quảng Bình,2021,8000.0,910700.0,114.0
Quảng Bình,2022,8000.0,913900.0,114.0
Quảng Bình,2023,8000.0,918700.0,114.9
Phú Yên,2011,5060.6,864000.0,170.7
Phú Yên,2012,5060.6,864900.0,170.9
Phú Yên,2013,5060.5,865300.0,171.0
Phú Yên,2014,5060.6,865700.0,171.1
Phú Yên,2015,5060.6,866200.0,171.2
Phú Yên,2016,5023.5,868200.0,172.8
Phú Yên,2017,5023.4,870000.0,173.2
Phú Yên,2018,5023.4,871500.0,173.5
Phú Yên,2019,5023.4,873200.0,174.0
Phú Yên,2020,5023.4,874300.0,174.0
Phú Yên,2021,5023.4,875500.0,174.0
Phú Yên,2022,5023.4,876600.0,174.0
Phú Yên,2023,5023.4,877700.0,174.6
Phú Thọ,2011,3533.4,1329300.0,376.2
Phú Thọ,2012,3533.4,1340800.0,379.5
Phú Thọ,2013,3533.3,1355200.0,383.6
Phú Thọ,2014,3533.3,1373700.0,388.8
Phú Thọ,2015,3533.3,1392300.0,394.1
Phú Thọ,2016,3534.4,1409000.0,398.7
Phú Thọ,2017,3534.6,1430500.0,404.7
Phú Thọ,2018,3534.6,1449600.0,410.1
Phú Thọ,2019,3534.6,1466400.0,415.0
Phú Thọ,2020,3534.6,1481900.0,419.0
Phú Thọ,2021,3534.6,1507500.0,427.0
Phú Thọ,2022,3534.6,1516900.0,429.0
Phú Thọ,2023,3534.6,1530800.0,433.1
Ninh Thuận,2011,3358.3,567900.0,169.1
Ninh Thuận,2012,3358.3,571300.0,170.1
Ninh Thuận,2013,3358.3,573300.0,170.7
Ninh Thuận,2014,3358.3,575400.0,171.3
Ninh Thuận,2015,3358.3,578300.0,172.2
Ninh Thuận,2016,3355.2,581500.0,173.3
Ninh Thuận,2017,3355.3,585400.0,174.5
Ninh Thuận,2018,3355.3,588900.0,175.5
Ninh Thuận,2019,3355.3,591000.0,176.0
Ninh Thuận,2020,3355.3,593600.0,177.0
Ninh Thuận,2021,3355.3,596000.0,178.0
Ninh Thuận,2022,3355.3,598700.0,178.0
Ninh Thuận,2023,3355.3,601200.0,179.2
Ninh Bình,2011,1390.3,911700.0,655.7
Ninh Bình,2012,1376.7,921000.0,669.0
Ninh Bình,2013,1378.1,930000.0,674.9
Ninh Bình,2014,1377.6,939300.0,681.8
Ninh Bình,2015,1377.6,948500.0,688.5
Ninh Bình,2016,1386.8,956800.0,689.9
Ninh Bình,2017,1386.8,965400.0,696.1
Ninh Bình,2018,1386.8,974700.0,702.8
Ninh Bình,2019,1386.8,984500.0,710.0
Ninh Bình,2020,1386.8,993900.0,717.0
Ninh Bình,2021,1386.8,1007600.0,714.0
Ninh Bình,2022,1386.8,1010700.0,716.0
Ninh Bình,2023,1386.8,1017100.0,720.4
Nghệ An,2011,16493.7,2996100.0,181.7
Nghệ An,2012,16490.9,3036000.0,184.1
Nghệ An,2013,16492.7,3076400.0,186.5
Nghệ An,2014,16490.0,3116300.0,189.0
Nghệ An,2015,16490.0,3160600.0,191.7
Nghệ An,2016,16481.7,3203100.0,194.3
Nghệ An,2017,16481.6,3246700.0,197.0
Nghệ An,2018,16481.6,3291400.0,199.7
Nghệ An,2019,16481.6,3337200.0,202.0
Nghệ An,2020,16481.6,3365200.0,204.0
Nghệ An,2021,16481.6,3409800.0,207.0
Nghệ An,2022,16481.6,3420000.0,207.0
Nghệ An,2023,16481.6,3442000.0,208.8
Nam Định,2011,1651.4,1816800.0,1100.2
Nam Định,2012,1652.6,1811500.0,1096.2
Nam Định,2013,1652.8,1806400.0,1092.9
Nam Định,2014,1653.2,1801500.0,1089.7
Nam Định,2015,1653.2,1796900.0,1086.9
Nam Định,2016,1668.5,1792500.0,1074.3
Nam Định,2017,1668.5,1788200.0,1071.7
Nam Định,2018,1668.5,1784200.0,1069.3
Nam Định,2019,1668.5,1780900.0,1067.0
Nam Định,2020,1668.5,1780300.0,1067.0
Nam Định,2021,1668.5,1836300.0,1100.0
Nam Định,2022,1668.5,1876900.0,1125.0
Nam Định,2023,1668.5,1887100.0,1130.8
Lạng Sơn,2011,8320.8,740900.0,89.0
Lạng Sơn,2012,8320.8,745100.0,89.6
Lạng Sơn,2013,8320.8,748900.0,90.0
Lạng Sơn,2014,8320.8,752600.0,90.4
Lạng Sơn,2015,8320.8,757800.0,91.1
Lạng Sơn,2016,8310.2,763400.0,91.9
Lạng Sơn,2017,8310.1,768700.0,92.5
Lạng Sơn,2018,8310.1,775900.0,93.4
Lạng Sơn,2019,8310.1,782800.0,94.0
Lạng Sơn,2020,8310.1,788700.0,95.0
Lạng Sơn,2021,8310.1,796900.0,96.0
Lạng Sơn,2022,8310.1,802100.0,97.0
Lạng Sơn,2023,8310.1,807300.0,97.1
Lâm Đồng,2011,9773.5,1217200.0,124.5
Lâm Đồng,2012,9773.5,1228700.0,125.7
Lâm Đồng,2013,9773.6,1239900.0,126.9
Lâm Đồng,2014,9773.5,1251100.0,128.0
Lâm Đồng,2015,9773.5,1261400.0,129.1
Lâm Đồng,2016,9783.2,1271300.0,129.9
Lâm Đồng,2017,9783.3,1281300.0,131.0
Lâm Đồng,2018,9783.3,1291400.0,132.0
Lâm Đồng,2019,9783.3,1299300.0,133.0
Lâm Đồng,2020,9783.3,1309800.0,134.0
Lâm Đồng,2021,9783.3,1321800.0,135.0
Lâm Đồng,2022,9783.3,1332500.0,136.0
Lâm Đồng,2023,9783.3,1345000.0,137.5
Lào Cai,2011,6383.9,638100.0,100.0
Lào Cai,2012,6383.9,649500.0,101.7
Lào Cai,2013,6383.9,661000.0,103.5
Lào Cai,2014,6383.9,672600.0,105.4
Lào Cai,2015,6383.9,684500.0,107.2
Lào Cai,2016,6364.0,696500.0,109.4
Lào Cai,2017,6364.0,708600.0,111.3
Lào Cai,2018,6364.0,720800.0,113.3
Lào Cai,2019,6364.0,733300.0,115.0
Lào Cai,2020,6364.0,746400.0,117.0
Lào Cai,2021,6364.0,761900.0,120.0
Lào Cai,2022,6364.0,770600.0,121.0
Lào Cai,2023,6364.0,779900.0,122.5
Long An,2011,4492.4,1504100.0,334.8
Long An,2012,4492.4,1549800.0,345.0
Long An,2013,4491.9,1587900.0,353.5
Long An,2014,4495.0,1611700.0,358.6
Long An,2015,4495.0,1626200.0,361.8
Long An,2016,4494.8,1645200.0,366.0
Long An,2017,4494.9,1662300.0,369.8
Long An,2018,4494.9,1678900.0,373.5
Long An,2019,4494.9,1695100.0,377.0
Long An,2020,4494.9,1713700.0,381.0
Long An,2021,4494.9,1725800.0,384.0
Long An,2022,4494.9,1734300.0,386.0
Long An,2023,4494.9,1743400.0,387.9
Lai Châu,2011,9068.8,392900.0,43.3
Lai Châu,2012,9068.8,403000.0,44.4
Lai Châu,2013,9068.8,414600.0,45.7
Lai Châu,2014,9068.8,421500.0,46.5
Lai Châu,2015,9068.8,427900.0,47.2
Lai Châu,2016,9069.5,436300.0,48.1
Lai Châu,2017,9068.8,444500.0,49.0
Lai Châu,2018,9068.8,453400.0,50.0
Lai Châu,2019,9068.8,462600.0,51.0
Lai Châu,2020,9068.8,469800.0,52.0
Lai Châu,2021,9068.8,478400.0,53.0
Lai Châu,2022,9068.8,482100.0,53.0
Lai Châu,2023,9068.8,489300.0,54.0
Kon Tum,2011,9689.6,451600.0,46.6
Kon Tum,2012,9689.6,462700.0,47.8
Kon Tum,2013,9689.6,473300.0,48.8
Kon Tum,2014,9689.6,484200.0,50.0
Kon Tum,2015,9689.6,495900.0,51.2
Kon Tum,2016,9674.2,507800.0,52.5
Kon Tum,2017,9674.2,520100.0,53.8
Kon Tum,2018,9674.2,532400.0,55.0
Kon Tum,2019,9674.2,543400.0,56.0
Kon Tum,2020,9674.2,555600.0,57.0
Kon Tum,2021,9674.2,568800.0,59.0
Kon Tum,2022,9674.2,579900.0,60.0
Kon Tum,2023,9674.2,591300.0,61.1
Kiên Giang,2011,6348.5,1694400.0,266.9
Kiên Giang,2012,6348.5,1698100.0,267.5
Kiên Giang,2013,6348.5,1701100.0,268.0
Kiên Giang,2014,6348.5,1703400.0,268.3
Kiên Giang,2015,6348.5,1705400.0,268.6
Kiên Giang,2016,6348.7,1708700.0,269.1
Kiên Giang,2017,6348.8,1712900.0,269.8
Kiên Giang,2018,6348.8,1718100.0,270.6
Kiên Giang,2019,6348.8,1723700.0,272.0
Kiên Giang,2020,6348.8,1728900.0,272.0
Kiên Giang,2021,6348.8,1752300.0,276.0
Kiên Giang,2022,6348.8,1751800.0,276.0
Kiên Giang,2023,6348.8,1755300.0,276.3
Khánh Hoà,2011,5217.7,1170200.0,224.3
Khánh Hoà,2012,5217.7,1177600.0,225.7
Khánh Hoà,2013,5217.7,1184900.0,227.1
Khánh Hoà,2014,5217.7,1192100.0,228.5
Khánh Hoà,2015,5217.7,1198400.0,229.7
Khánh Hoà,2016,5137.7,1207200.0,235.0
Khánh Hoà,2017,5137.8,1216300.0,236.7
Khánh Hoà,2018,5137.8,1224500.0,238.3
Khánh Hoà,2019,5137.8,1232800.0,240.0
Khánh Hoà,2020,5137.8,1240400.0,239.0
Khánh Hoà,2021,5137.8,1248100.0,240.0
Khánh Hoà,2022,5137.8,1254000.0,241.0
Khánh Hoà,2023,5137.8,1260600.0,242.4
Hậu Giang,2011,1602.5,752700.0,469.7
Hậu Giang,2012,1602.5,750700.0,468.5
Hậu Giang,2013,1602.4,747900.0,466.7
Hậu Giang,2014,1602.4,745000.0,464.9
Hậu Giang,2015,1602.4,742400.0,463.3
Hậu Giang,2016,1621.8,740100.0,456.3
Hậu Giang,2017,1621.7,737300.0,454.6
Hậu Giang,2018,1621.7,734900.0,453.2
Hậu Giang,2019,1621.7,732200.0,451.0
Hậu Giang,2020,1621.7,729800.0,450.0
Hậu Giang,2021,1621.7,729900.0,450.0
Hậu Giang,2022,1621.7,729500.0,450.0
Hậu Giang,2023,1621.7,728300.0,448.9
Hải Phòng,2011,1523.4,1886200.0,1238.2
Hải Phòng,2012,1523.9,1912900.0,1255.3
Hải Phòng,2013,1527.4,1932200.0,1265.0
Hải Phòng,2014,1527.4,1950700.0,1277.1
Hải Phòng,2015,1527.4,1969500.0,1289.4
Hải Phòng,2016,1561.7,1985300.0,1271.2
Hải Phòng,2017,1561.8,2001400.0,1281.5
Hải Phòng,2018,1561.8,2016400.0,1291.1
Hải Phòng,2019,1561.8,2033300.0,1302.0
Hải Phòng,2020,1561.8,2053500.0,1345.0
Hải Phòng,2021,1561.8,2072400.0,1358.0
Hải Phòng,2022,1561.8,2088000.0,1368.0
Hải Phòng,2023,1561.8,2105000.0,1379.0
Hải Dương,2011,1656.0,1747800.0,1055.5
Hải Dương,2012,1656.0,1767800.0,1067.5
Hải Dương,2013,1656.0,1779700.0,1074.7
Hải Dương,2014,1656.0,1795800.0,1084.4
Hải Dương,2015,1656.0,1812800.0,1094.7
Hải Dương,2016,1668.3,1832800.0,1098.6
Hải Dương,2017,1668.2,1850600.0,1109.3
Hải Dương,2018,1668.2,1877700.0,1125.6
Hải Dương,2019,1668.2,1896900.0,1137.0
Hải Dương,2020,1668.2,1916800.0,1149.0
Hải Dương,2021,1668.2,1936800.0,1161.0
Hải Dương,2022,1668.2,1946800.0,1167.0
Hải Dương,2023,1668.2,1956900.0,1173.0
Hưng Yên,2011,926.0,1150700.0,1242.7
Hưng Yên,2012,926.0,1162900.0,1255.8
Hưng Yên,2013,926.0,1175500.0,1269.5
Hưng Yên,2014,926.0,1188600.0,1283.6
Hưng Yên,2015,926.0,1202000.0,1298.1
Hưng Yên,2016,930.3,1215500.0,1306.6
Hưng Yên,2017,930.2,1228800.0,1321.0
Hưng Yên,2018,930.2,1242400.0,1335.6
Hưng Yên,2019,930.2,1255800.0,1350.0
Hưng Yên,2020,930.2,1269100.0,1364.0
Hưng Yên,2021,930.2,1284600.0,1381.0
Hưng Yên,2022,930.2,1290900.0,1388.0
Hưng Yên,2023,930.2,1301000.0,1398.6
Hà Tĩnh,2011,5997.2,1236700.0,206.2
Hà Tĩnh,2012,5997.8,1242100.0,207.1
Hà Tĩnh,2013,5997.3,1247600.0,208.0
Hà Tĩnh,2014,5997.8,1255300.0,209.3
Hà Tĩnh,2015,5997.8,1261300.0,210.3
Hà Tĩnh,2016,5990.6,1266700.0,211.4
Hà Tĩnh,2017,5990.7,1274200.0,212.7
Hà Tĩnh,2018,5990.7,1280500.0,213.7
Hà Tĩnh,2019,5990.7,1290300.0,215.0
Hà Tĩnh,2020,5990.7,1296600.0,216.0
Hà Tĩnh,2021,5990.7,1314100.0,219.0
Hà Tĩnh,2022,5990.7,1323700.0,221.0
Hà Tĩnh,2023,5990.7,1323700.0,220.8
Hà Nội,2011,3328.9,6825800.0,2050.5
Hà Nội,2012,3323.6,6991400.0,2103.6
Hà Nội,2013,3324.3,7128400.0,2144.3
Hà Nội,2014,3324.5,7285500.0,2191.5
Hà Nội,2015,3324.5,7433600.0,2236.0
Hà Nội,2016,3358.9,7590800.0,2259.9
Hà Nội,2017,3358.6,7742200.0,2305.2
Hà Nội,2018,3358.6,7914500.0,2356.5
Hà Nội,2019,3358.6,8093900.0,2410.0
Hà Nội,2020,3358.6,8246500.0,2454.0
Hà Nội,2021,3358.6,8330799.999999999,2480.0
Hà Nội,2022,3358.6,8435700.0,2511.0
Hà Nội,2023,3358.6,8587100.0,2555.8
Hà Nam,2011,860.5,795600.0,924.6
Hà Nam,2012,860.5,800800.0,930.6
Hà Nam,2013,860.5,807400.0,938.3
Hà Nam,2014,862.0,815100.0,945.6
Hà Nam,2015,862.0,824300.0,956.3
Hà Nam,2016,862.0,832200.0,965.4
Hà Nam,2017,861.9,839800.0,974.4
Hà Nam,2018,861.9,847100.0,982.8
Hà Nam,2019,861.9,854500.0,991.0
Hà Nam,2020,861.9,861800.0,1000.0
Hà Nam,2021,861.9,875200.0,1015.0
Hà Nam,2022,861.9,878000.0,1019.0
Hà Nam,2023,861.9,885900.0,1027.8
Hà Giang,2011,7914.9,749500.0,94.7
Hà Giang,2012,7914.9,763500.0,96.5
Hà Giang,2013,7914.9,779000.0,98.4
Hà Giang,2014,7914.9,792500.0,100.1
Hà Giang,2015,7914.9,806700.0,101.9
Hà Giang,2016,7929.2,820400.0,103.5
Hà Giang,2017,7929.5,833700.0,105.1
Hà Giang,2018,7929.5,846500.0,106.8
Hà Giang,2019,7929.5,858100.0,108.0
Hà Giang,2020,7929.5,870200.0,110.0
Hà Giang,2021,7929.5,887100.0,112.0
Hà Giang,2022,7929.5,892700.0,113.0
Hà Giang,2023,7929.5,899900.0,113.5
Hoà Bình,2011,4608.7,802200.0,174.1
Hoà Bình,2012,4608.7,808400.0,175.4
Hoà Bình,2013,4608.7,812700.0,176.4
Hoà Bình,2014,4608.7,819600.0,177.8
Hoà Bình,2015,4608.7,828600.0,179.8
Hoà Bình,2016,4590.7,837000.0,182.3
Hoà Bình,2017,4590.6,845000.0,184.1
Hoà Bình,2018,4590.6,850400.0,185.2
Hoà Bình,2019,4590.6,855800.0,186.0
Hoà Bình,2020,4590.6,861200.0,188.0
Hoà Bình,2021,4590.6,871700.0,190.0
Hoà Bình,2022,4590.6,875400.0,191.0
Hoà Bình,2023,4590.6,880500.0,191.8
Gia Lai,2011,15536.9,1336100.0,86.0
Gia Lai,2012,15536.9,1360000.0,87.5
Gia Lai,2013,15536.9,1383000.0,89.0
Gia Lai,2014,15536.9,1403100.0,90.3
Gia Lai,2015,15536.9,1426400.0,91.8
Gia Lai,2016,15510.8,1447200.0,93.3
Gia Lai,2017,15511.0,1468900.0,94.7
Gia Lai,2018,15511.0,1495700.0,96.4
Gia Lai,2019,15511.0,1520200.0,98.0
Gia Lai,2020,15511.0,1541800.0,99.0
Gia Lai,2021,15511.0,1569700.0,101.0
Gia Lai,2022,15511.0,1591000.0,103.0
Gia Lai,2023,15511.0,1613900.0,104.1
Cần Thơ,2011,1409.0,1195900.0,848.8
Cần Thơ,2012,1409.0,1200900.0,852.3
Cần Thơ,2013,1409.0,1203200.0,854.0
Cần Thơ,2014,1408.9,1205700.0,855.8
Cần Thơ,2015,1408.9,1208500.0,857.8
Cần Thơ,2016,1439.2,1214600.0,843.9
Cần Thơ,2017,1439.0,1222400.0,849.5
Cần Thơ,2018,1439.0,1227700.0,853.2
Cần Thơ,2019,1439.0,1236000.0,859.0
Cần Thơ,2020,1439.0,1240700.0,861.0
Cần Thơ,2021,1439.0,1247000.0,866.0
Cần Thơ,2022,1439.0,1252300.0,869.0
Cần Thơ,2023,1439.0,1258900.0,874.0
Cà Mau,2011,5294.9,1204500.0,227.5
Cà Mau,2012,5294.9,1203500.0,227.3
Cà Mau,2013,5294.9,1202100.0,227.0
Cà Mau,2014,5294.9,1200700.0,226.8
Cà Mau,2015,5294.9,1199500.0,226.5
Cà Mau,2016,5221.2,1198100.0,229.5
Cà Mau,2017,5221.2,1197000.0,229.3
Cà Mau,2018,5221.2,1195600.0,229.0
Cà Mau,2019,5221.2,1194300.0,229.0
Cà Mau,2020,5221.2,1193900.0,226.0
Cà Mau,2021,5221.2,1208800.0,229.0
Cà Mau,2022,5221.2,1207600.0,229.0
Cà Mau,2023,5221.2,1207400.0,228.9
Cao Bằng,2011,6707.9,514000.0,76.6
Cao Bằng,2012,6707.9,515900.0,76.9
Cao Bằng,2013,6707.9,517799.99999999994,77.2
Cao Bằng,2014,6703.4,519900.0,77.6
Cao Bằng,2015,6703.4,522000.0,77.9
Cao Bằng,2016,6700.2,524200.00000000006,78.2
Cao Bằng,2017,6700.3,526400.0,78.6
Cao Bằng,2018,6700.3,528700.0,78.9
Cao Bằng,2019,6700.3,530900.0,79.0
Cao Bằng,2020,6700.3,533100.0,80.0
Cao Bằng,2021,6700.3,542200.0,81.0
Cao Bằng,2022,6700.3,543100.0,81.0
Cao Bằng,2023,6700.3,547900.0,81.8
Bến Tre,2011,2360.6,1262700.0,534.9
Bến Tre,2012,2357.7,1266700.0,537.3
Bến Tre,2013,2359.5,1269700.0,538.1
Bến Tre,2014,2359.8,1272500.0,539.2
Bến Tre,2015,2359.8,1275800.0,540.6
Bến Tre,2016,2394.6,1278600.0,534.0
Bến Tre,2017,2394.7,1282400.0,535.5
Bến Tre,2018,2394.8,1286000.0,537.0
Bến Tre,2019,2394.8,1289100.0,538.0
Bến Tre,2020,2394.8,1292400.0,543.0
Bến Tre,2021,2394.8,1295700.0,544.0
Bến Tre,2022,2394.8,1298000.0,545.0
Bến Tre,2023,2394.8,1299300.0,546.0
Bắc Ninh,2011,822.7,1072400.0,1303.5
Bắc Ninh,2012,822.7,1104700.0,1342.8
Bắc Ninh,2013,822.7,1139900.0,1385.5
Bắc Ninh,2014,822.7,1177100.0,1430.7
Bắc Ninh,2015,822.7,1218500.0,1481.1
Bắc Ninh,2016,822.8,1257900.0,1528.8
Bắc Ninh,2017,822.7,1297800.0,1577.5
Bắc Ninh,2018,822.7,1337300.0,1625.5
Bắc Ninh,2019,822.7,1378600.0,1676.0
Bắc Ninh,2020,822.7,1419100.0,1725.0
Bắc Ninh,2021,822.7,1462900.0,1778.0
Bắc Ninh,2022,822.7,1488200.0,1809.0
Bắc Ninh,2023,822.7,1517400.0,1844.4
Bắc Kạn,2011,4859.4,298700.0,61.5
Bắc Kạn,2012,4859.4,300800.0,61.9
Bắc Kạn,2013,4859.4,301700.0,62.1
Bắc Kạn,2014,4859.4,302900.0,62.3
Bắc Kạn,2015,4859.4,305600.0,62.9
Bắc Kạn,2016,4860.0,307700.0,63.3
Bắc Kạn,2017,4860.0,309900.0,63.8
Bắc Kạn,2018,4860.0,312000.0,64.2
Bắc Kạn,2019,4860.0,314400.0,65.0
Bắc Kạn,2020,4860.0,316500.0,65.0
Bắc Kạn,2021,4860.0,323700.0,67.0
Bắc Kạn,2022,4860.0,324400.0,67.0
Bắc Kạn,2023,4860.0,326500.0,67.2
Bắc Giang,2011,3844.0,1586000.0,412.6
Bắc Giang,2012,3848.9,1607800.0,417.7
Bắc Giang,2013,3849.7,1630600.0,423.6
Bắc Giang,2014,3849.5,1646900.0,427.8
Bắc Giang,2015,3849.5,1667000.0,433.0
Bắc Giang,2016,3895.5,1696900.0,435.6
Bắc Giang,2017,3895.5,1736800.0,445.8
Bắc Giang,2018,3895.6,1777500.0,456.3
Bắc Giang,2019,3895.6,1810400.0,465.0
Bắc Giang,2020,3895.6,1841600.0,473.0
Bắc Giang,2021,3895.6,1875200.0,481.0
Bắc Giang,2022,3895.6,1890900.0,485.0
Bắc Giang,2023,3895.6,1922700.0,493.5
Bạc Liêu,2011,2468.7,866900.0,351.1
Bạc Liêu,2012,2468.7,872100.0,353.3
Bạc Liêu,2013,2468.7,877000.0,355.3
Bạc Liêu,2014,2468.7,882200.0,357.3
Bạc Liêu,2015,2468.7,887300.0,359.4
Bạc Liêu,2016,2669.1,892800.0,334.5
Bạc Liêu,2017,2669.0,897700.0,336.3
Bạc Liêu,2018,2669.0,903000.0,338.3
Bạc Liêu,2019,2669.0,908200.0,340.0
Bạc Liêu,2020,2669.0,913500.0,342.0
Bạc Liêu,2021,2669.0,918500.0,344.0
Bạc Liêu,2022,2669.0,921800.0,346.0
Bạc Liêu,2023,2669.0,925200.0,346.8
Bình Định,2011,6050.6,1487500.0,245.8
Bình Định,2012,6050.6,1487500.0,245.8
Bình Định,2013,6050.6,1487600.0,245.9
Bình Định,2014,6050.6,1487600.0,245.9
Bình Định,2015,6050.6,1487600.0,245.9
Bình Định,2016,6066.1,1487700.0,245.2
Bình Định,2017,6066.2,1487700.0,245.2
Bình Định,2018,6066.2,1487800.0,245.3
Bình Định,2019,6066.2,1487800.0,245.0
Bình Định,2020,6066.2,1487900.0,245.0
Bình Định,2021,6066.2,1508300.0,249.0
Bình Định,2022,6066.2,1504300.0,248.0
Bình Định,2023,6066.2,1506300.0,248.3
Bình Thuận,2011,7812.9,1180700.0,151.1
Bình Thuận,2012,7812.8,1189600.0,152.3
Bình Thuận,2013,7812.8,1194700.0,152.9
Bình Thuận,2014,7813.1,1197300.0,153.2
Bình Thuận,2015,7813.1,1205400.0,154.3
Bình Thuận,2016,7944.0,1213600.0,152.8
Bình Thuận,2017,7943.9,1220500.0,153.6
Bình Thuận,2018,7943.9,1227300.0,154.5
Bình Thuận,2019,7943.9,1232300.0,155.0
Bình Thuận,2020,7943.9,1239300.0,156.0
Bình Thuận,2021,7943.9,1246300.0,157.0
Bình Thuận,2022,7943.9,1252100.0,158.0
Bình Thuận,2023,7943.9,1258800.0,158.5
Bình Phước,2011,6871.5,899600.0,130.9
Bình Phước,2012,6871.5,911400.0,132.6
Bình Phước,2013,6871.5,923500.0,134.4
Bình Phước,2014,6871.5,934400.0,136.0
Bình Phước,2015,6871.5,947200.0,137.8
Bình Phước,2016,6876.6,962700.0,140.0
Bình Phước,2017,6876.8,972600.0,141.4
Bình Phước,2018,6876.8,984900.0,143.2
Bình Phước,2019,6876.8,997800.0,145.0
Bình Phước,2020,6876.8,1011100.0,147.0
Bình Phước,2021,6876.8,1024300.0,149.0
Bình Phước,2022,6876.8,1034700.0,151.0
Bình Phước,2023,6876.8,1045500.0,152.1
Bình Dương,2011,2694.4,1699900.0,630.9
Bình Dương,2012,2694.4,1789700.0,664.2
Bình Dương,2013,2694.4,1873500.0,695.3
Bình Dương,2014,2694.4,1977800.0,734.1
Bình Dương,2015,2694.4,2069199.9999999998,768.0
Bình Dương,2016,2694.7,2138800.0,793.7
Bình Dương,2017,2694.6,2227200.0,826.5
Bình Dương,2018,2694.6,2345200.0,870.3
Bình Dương,2019,2694.6,2456300.0,912.0
Bình Dương,2020,2694.6,2580600.0,958.0
Bình Dương,2021,2694.6,2596800.0,964.0
Bình Dương,2022,2694.6,2763100.0,1025.0
Bình Dương,2023,2694.6,2823400.0,1047.8
An Giang,2011,3536.7,2097500.0,593.1
An Giang,2012,3536.7,2077900.0,587.5
An Giang,2013,3536.7,2051600.0,580.1
An Giang,2014,3536.7,2024600.0,572.5
An Giang,2015,3536.7,2000900.0,565.8
An Giang,2016,3536.7,1976400.0,558.8
An Giang,2017,3536.7,1954200.0,552.5
An Giang,2018,3536.7,1931000.0,546.0
An Giang,2019,3536.7,1907400.0,539.0
An Giang,2020,3536.7,1904500.0,538.0
An Giang,2021,3536.7,1909500.0,540.0
An Giang,2022,3536.7,1905500.0,539.0
An Giang,2023,3536.7,1906300.0,539.0
